Pregnancies,Glucose,BloodPressure,SkinThickness,Insulin,BMI,DiabetesPedigreeFunction,Age
0,120.0,74.0,18.0,63.0,30.5,0.285,26
6,104.0,74.0,18.0,156.0,29.9,0.722,41
2,92.0,62.0,28.0,,31.6,0.13,24
5,108.0,72.0,43.0,75.0,36.1,0.263,33
3,74.0,68.0,28.0,45.0,29.7,0.293,23
2,122.0,60.0,18.0,106.0,29.8,0.717,22
5,97.0,76.0,27.0,,35.6,0.378,52
6,107.0,88.0,,,36.8,0.727,31
2,105.0,80.0,45.0,191.0,33.7,0.711,29
8,125.0,96.0,,,,0.232,54
1,73.0,50.0,10.0,,23.0,0.248,21
6,129.0,90.0,7.0,326.0,19.6,0.582,60
0,104.0,76.0,,,18.4,0.582,27
0,117.0,66.0,31.0,188.0,30.8,0.493,22
10,125.0,70.0,26.0,115.0,31.1,0.205,41
4,156.0,75.0,,,48.3,0.238,32
8,74.0,70.0,40.0,49.0,35.3,0.705,39
9,124.0,70.0,33.0,402.0,35.4,0.282,34
1,172.0,68.0,49.0,579.0,42.4,0.702,28
6,147.0,80.0,,,29.5,0.178,50
8,100.0,76.0,,,38.7,0.19,42
3,142.0,80.0,15.0,,32.4,0.2,63
1,90.0,62.0,12.0,43.0,27.2,0.58,24
0,123.0,72.0,,,36.3,0.258,52
2,130.0,96.0,,,22.6,0.268,21
5,130.0,82.0,,,39.1,0.956,37
1,90.0,62.0,18.0,59.0,25.1,1.268,25
1,164.0,82.0,43.0,67.0,32.8,0.341,50
1,105.0,58.0,,,24.3,0.187,21
2,197.0,70.0,99.0,,34.7,0.575,62
8,85.0,55.0,20.0,,24.4,0.136,42
6,117.0,96.0,,,28.7,0.157,30
8,99.0,84.0,,,35.4,0.388,50
3,132.0,80.0,,,34.4,0.402,44
9,156.0,86.0,,,24.8,0.23,53
7,94.0,64.0,25.0,79.0,33.3,0.738,41
3,122.0,78.0,,,23.0,0.254,40
1,125.0,50.0,40.0,167.0,33.3,0.962,28
10,168.0,74.0,,,38.0,0.537,34
1,81.0,74.0,41.0,57.0,46.3,1.096,32
0,102.0,86.0,17.0,105.0,29.3,0.695,27
5,117.0,86.0,30.0,105.0,39.1,0.251,42
0,126.0,84.0,29.0,215.0,30.7,0.52,24
7,81.0,78.0,40.0,48.0,46.7,0.261,42
6,96.0,,,,23.7,0.19,28
8,112.0,72.0,,,23.6,0.84,58
11,127.0,106.0,,,39.0,0.19,51
5,109.0,75.0,26.0,,36.0,0.546,60
2,102.0,86.0,36.0,120.0,45.5,0.127,23
0,117.0,80.0,31.0,53.0,45.2,0.089,24
11,138.0,76.0,,,33.2,0.42,35
3,99.0,62.0,19.0,74.0,21.8,0.279,26
3,128.0,72.0,25.0,190.0,32.4,0.549,27
1,97.0,70.0,40.0,,38.1,0.218,30
1,97.0,66.0,15.0,140.0,23.2,0.487,22
1,112.0,72.0,30.0,176.0,34.4,0.528,25
2,93.0,64.0,32.0,160.0,38.0,0.674,23
2,95.0,54.0,14.0,88.0,26.1,0.748,22
3,125.0,58.0,,,31.6,0.151,24
1,90.0,68.0,8.0,,24.5,1.138,36
7,184.0,84.0,33.0,,35.5,0.355,41
1,106.0,76.0,,,37.5,0.197,26
6,114.0,,,,,0.189,26
1,114.0,66.0,36.0,200.0,38.1,0.289,21
8,133.0,72.0,,,32.9,0.27,39
2,158.0,90.0,,,31.6,0.805,66
0,119.0,,,,32.4,0.141,24
0,113.0,80.0,16.0,,31.0,0.874,21
3,80.0,82.0,31.0,70.0,34.2,1.292,27
3,102.0,44.0,20.0,94.0,30.8,0.4,26
3,81.0,86.0,16.0,66.0,27.5,0.306,22
4,92.0,80.0,,,42.2,0.237,29
1,85.0,66.0,29.0,,26.6,0.351,31
5,147.0,78.0,,,33.7,0.218,65
0,100.0,88.0,60.0,110.0,46.8,0.962,31
0,141.0,84.0,26.0,,32.4,0.433,22
1,122.0,90.0,51.0,220.0,49.7,0.325,31
8,188.0,78.0,,,47.9,0.137,43
2,68.0,70.0,32.0,66.0,25.0,0.187,25
10,122.0,78.0,31.0,,27.6,0.512,45
7,124.0,70.0,33.0,215.0,25.5,0.161,37
1,97.0,68.0,21.0,,27.2,1.095,22
3,96.0,78.0,39.0,,37.3,0.238,40
7,114.0,76.0,17.0,110.0,23.8,0.466,31
13,153.0,88.0,37.0,140.0,40.6,1.174,39
0,125.0,96.0,,,22.5,0.262,21
2,90.0,70.0,17.0,,27.3,0.085,22
2,75.0,64.0,24.0,55.0,29.7,0.37,33
0,135.0,68.0,42.0,250.0,42.3,0.365,24
3,158.0,64.0,13.0,387.0,31.2,0.295,24
1,100.0,66.0,29.0,196.0,32.0,0.444,42
1,101.0,50.0,15.0,36.0,24.2,0.526,26
10,122.0,68.0,,,31.2,0.258,41
3,82.0,70.0,,,21.1,0.389,25
1,126.0,60.0,,,30.1,0.349,47
2,129.0,74.0,26.0,205.0,33.2,0.591,25
3,99.0,80.0,11.0,64.0,19.3,0.284,30
8,167.0,106.0,46.0,231.0,37.6,0.165,43
3,96.0,56.0,34.0,115.0,24.7,0.944,39
10,108.0,66.0,,,32.4,0.272,42
